"a","link"
"1","https://www.pornhub.com/pornstar/lana-rhoades"
"1","https://www.pornhub.com/pornstar/mia-khalifa"
"1","https://www.pornhub.com/pornstar/riley-reid"
"1","https://www.pornhub.com/pornstar/abella-danger"
"1","https://www.pornhub.com/pornstar/mia-malkova"
"1","https://www.pornhub.com/pornstar/brandi-love"
"1","https://www.pornhub.com/pornstar/lisa-ann"
"1","https://www.pornhub.com/pornstar/lela-star"
"1","https://www.pornhub.com/pornstar/alexis-texas"
"1","https://www.pornhub.com/pornstar/nicole-aniston"
"1","https://www.pornhub.com/pornstar/leolulu"
"1","https://www.pornhub.com/pornstar/adriana-chechik"
"1","https://www.pornhub.com/pornstar/lena-the-plug"
"1","https://www.pornhub.com/pornstar/allison-parker"
"1","https://www.pornhub.com/pornstar/elsa-jean"
"1","https://www.pornhub.com/pornstar/angela-white"
"1","https://www.pornhub.com/pornstar/kimmy-granger"
"1","https://www.pornhub.com/pornstar/dillion-harper"
"1","https://www.pornhub.com/pornstar/ava-addams"
"1","https://www.pornhub.com/pornstar/kim-kardashian"
"1","https://www.pornhub.com/pornstar/lena-paul"
"1","https://www.pornhub.com/pornstar/kendra-lust"
"1","https://www.pornhub.com/pornstar/madison-ivy"
"1","https://www.pornhub.com/pornstar/asa-akira"
"1","https://www.pornhub.com/pornstar/dani-daniels"
"1","https://www.pornhub.com/pornstar/sasha-grey"
"1","https://www.pornhub.com/pornstar/audrey-bitoni"
"1","https://www.pornhub.com/pornstar/sara-jay"
"1","https://www.pornhub.com/pornstar/sarah-banks"
"1","https://www.pornhub.com/pornstar/piper-perri"
"1","https://www.pornhub.com/pornstar/gina-valentina"
"1","https://www.pornhub.com/pornstar/peta-jensen"
"1","https://www.pornhub.com/pornstar/amber-chase"
"1","https://www.pornhub.com/pornstar/xev-bellringer"
"1","https://www.pornhub.com/pornstar/tori-black"
"1","https://www.pornhub.com/pornstar/august-ames"
"1","https://www.pornhub.com/pornstar/jessa-rhodes"
"1","https://www.pornhub.com/pornstar/leah-gotti"
"1","https://www.pornhub.com/pornstar/eva-lovia"
"1","https://www.pornhub.com/pornstar/johnny-sins"
"1","https://www.pornhub.com/pornstar/miss-banana"
"1","https://www.pornhub.com/pornstar/valentina-nappi"
"1","https://www.pornhub.com/pornstar/kelsi-monroe"
"1","https://www.pornhub.com/pornstar/bridgette-b"
"1","https://www.pornhub.com/pornstar/mandy-flores"
"1","https://www.pornhub.com/pornstar/diamond-jackson"
"1","https://www.pornhub.com/pornstar/kendra-sunderland"
"1","https://www.pornhub.com/pornstar/little-caprice"
"1","https://www.pornhub.com/pornstar/nicolette-shea"
"1","https://www.pornhub.com/pornstar/sunny-leone"
"1","https://www.pornhub.com/pornstar/alexis-fawx"
"1","https://www.pornhub.com/pornstar/karlee-grey"
"1","https://www.pornhub.com/pornstar/janice-griffith"
"1","https://www.pornhub.com/pornstar/bryci"
"1","https://www.pornhub.com/pornstar/cory-chase"
"1","https://www.pornhub.com/pornstar/veronica-rodriguez"
"1","https://www.pornhub.com/pornstar/moriah-mills"
"2","https://www.pornhub.com/pornstar/megan-rain"
"2","https://www.pornhub.com/pornstar/danika-mori"
"2","https://www.pornhub.com/pornstar/christy-mack"
"2","https://www.pornhub.com/pornstar/gianna-michaels"
"2","https://www.pornhub.com/pornstar/blair-williams"
"2","https://www.pornhub.com/pornstar/rachel-starr"
"2","https://www.pornhub.com/pornstar/lindsey-love"
"2","https://www.pornhub.com/pornstar/lady-fyre"
"2","https://www.pornhub.com/pornstar/sophie-dee"
"2","https://www.pornhub.com/pornstar/remy-lacroix"
"2","https://www.pornhub.com/pornstar/molly-jane"
"2","https://www.pornhub.com/pornstar/julia-ann"
"2","https://www.pornhub.com/pornstar/farrah-abraham"
"2","https://www.pornhub.com/pornstar/jennifer-lawrence"
"2","https://www.pornhub.com/pornstar/lucy-cat"
"2","https://www.pornhub.com/pornstar/aria-sky"
"2","https://www.pornhub.com/pornstar/teanna-trump"
"2","https://www.pornhub.com/pornstar/ashley-alban"
"2","https://www.pornhub.com/pornstar/hitomi-tanaka"
"2","https://www.pornhub.com/pornstar/aletta-ocean"
"2","https://www.pornhub.com/pornstar/stormy-daniels"
"2","https://www.pornhub.com/pornstar/victoria-june"
"2","https://www.pornhub.com/pornstar/britney-amber"
"2","https://www.pornhub.com/pornstar/kylie-page"
"2","https://www.pornhub.com/pornstar/alison-tyler"
"2","https://www.pornhub.com/pornstar/mandy-muse"
"2","https://www.pornhub.com/pornstar/phoenix-marie"
"2","https://www.pornhub.com/pornstar/celestia-vega"
"2","https://www.pornhub.com/pornstar/marsha-may"
"2","https://www.pornhub.com/pornstar/bonnie-rotten"
"2","https://www.pornhub.com/pornstar/jayden-james"
"2","https://www.pornhub.com/pornstar/katrina-jade"
"2","https://www.pornhub.com/pornstar/honey-gold"
"2","https://www.pornhub.com/pornstar/harley-dean"
"2","https://www.pornhub.com/pornstar/cherry-crush"
"2","https://www.pornhub.com/pornstar/eva-notty"
"2","https://www.pornhub.com/pornstar/nina-hartley"
"2","https://www.pornhub.com/pornstar/abella-anderson"
"2","https://www.pornhub.com/pornstar/ariella-ferrera"
"2","https://www.pornhub.com/pornstar/ariana-marie"
"2","https://www.pornhub.com/pornstar/jynx-maze"
"2","https://www.pornhub.com/pornstar/pinky"
"2","https://www.pornhub.com/pornstar/romi-rain"
"2","https://www.pornhub.com/pornstar/esperanza-gomez"
"2","https://www.pornhub.com/pornstar/athena-faris"
"2","https://www.pornhub.com/pornstar/valerie-kay"
"2","https://www.pornhub.com/pornstar/jasmine-grey"
"2","https://www.pornhub.com/pornstar/kissa-sins"
"2","https://www.pornhub.com/pornstar/sasha-foxxx"
"2","https://www.pornhub.com/pornstar/kagney-linn-karter"
"2","https://www.pornhub.com/pornstar/jodi-west"
"2","https://www.pornhub.com/pornstar/rose-monroe"
"2","https://www.pornhub.com/pornstar/lexi-belle"
"2","https://www.pornhub.com/pornstar/faye-reagan"
"2","https://www.pornhub.com/pornstar/jada-stevens"
"2","https://www.pornhub.com/pornstar/aaliyah-hadid"
"2","https://www.pornhub.com/pornstar/siri"
"3","https://www.pornhub.com/pornstar/katie-cummings"
"3","https://www.pornhub.com/pornstar/maryjane-auryn"
"3","https://www.pornhub.com/pornstar/karma-rx"
"3","https://www.pornhub.com/pornstar/holly-michaels"
"3","https://www.pornhub.com/pornstar/natasha-nice"
"3","https://www.pornhub.com/pornstar/anna-bell-peaks"
"3","https://www.pornhub.com/pornstar/maria-ozawa"
"3","https://www.pornhub.com/pornstar/veronica-avluv"
"3","https://www.pornhub.com/pornstar/kayden-kross"
"3","https://www.pornhub.com/pornstar/anissa-kate"
"3","https://www.pornhub.com/pornstar/kiara-mia"
"3","https://www.pornhub.com/pornstar/nikki-benz"
"3","https://www.pornhub.com/pornstar/luna-star"
"3","https://www.pornhub.com/pornstar/alex-blake"
"3","https://www.pornhub.com/pornstar/priya-rai"
"3","https://www.pornhub.com/pornstar/maya-bijou"
"3","https://www.pornhub.com/pornstar/naomi-woods"
"3","https://www.pornhub.com/pornstar/brooklyn-chase"
"3","https://www.pornhub.com/pornstar/krissy-lynn"
"3","https://www.pornhub.com/pornstar/alix-lynx"
"3","https://www.pornhub.com/pornstar/ai-uehara"
"3","https://www.pornhub.com/pornstar/aidra-fox"
"3","https://www.pornhub.com/pornstar/layla-london"
"3","https://www.pornhub.com/pornstar/stella-cox"
"3","https://www.pornhub.com/pornstar/jasmine-jae"
"3","https://www.pornhub.com/pornstar/amia-miley"
"3","https://www.pornhub.com/pornstar/lauren-phillips"
"3","https://www.pornhub.com/pornstar/kirara-asuka"
"3","https://www.pornhub.com/pornstar/alexa-grace"
"3","https://www.pornhub.com/pornstar/dakota-skye"
"3","https://www.pornhub.com/pornstar/kayla-kayden"
"3","https://www.pornhub.com/pornstar/anri-okita"
"3","https://www.pornhub.com/pornstar/lexi-luna"
"3","https://www.pornhub.com/pornstar/cherokee-d-ass"
"3","https://www.pornhub.com/pornstar/mila-azul"
"3","https://www.pornhub.com/pornstar/charity-crawford"
"3","https://www.pornhub.com/pornstar/a-j-applegate"
"3","https://www.pornhub.com/pornstar/victoria-cakes"
"3","https://www.pornhub.com/pornstar/cassidy-banks"
"3","https://www.pornhub.com/pornstar/jenna-jameson"
"3","https://www.pornhub.com/pornstar/emily-willis"
"3","https://www.pornhub.com/pornstar/gina-gerson"
"3","https://www.pornhub.com/pornstar/krystal-boyd"
"3","https://www.pornhub.com/pornstar/keisha-grey"
"3","https://www.pornhub.com/pornstar/adria-rae"
"3","https://www.pornhub.com/pornstar/haley-reed"
"3","https://www.pornhub.com/pornstar/amy-anderssen"
"3","https://www.pornhub.com/pornstar/cherie-deville"
"3","https://www.pornhub.com/pornstar/india-summer"
"3","https://www.pornhub.com/pornstar/bailey-brooke"
"3","https://www.pornhub.com/pornstar/lucie-wilde"
"3","https://www.pornhub.com/pornstar/ryan-conner"
"3","https://www.pornhub.com/pornstar/lara-croft"
"3","https://www.pornhub.com/pornstar/miss-alice"
"3","https://www.pornhub.com/pornstar/zoey-holloway"
"3","https://www.pornhub.com/pornstar/brandi-bae"
"3","https://www.pornhub.com/pornstar/aria-alexander"
"4","https://www.pornhub.com/pornstar/elena-koshka"
"4","https://www.pornhub.com/pornstar/abigaile-johnson"
"4","https://www.pornhub.com/pornstar/sydney-cole"
"4","https://www.pornhub.com/pornstar/alina-li"
"4","https://www.pornhub.com/pornstar/yui-hatano"
"4","https://www.pornhub.com/pornstar/stoya"
"4","https://www.pornhub.com/pornstar/kawaii-girl"
"4","https://www.pornhub.com/pornstar/carolina-abril"
"4","https://www.pornhub.com/pornstar/ava-devine"
"4","https://www.pornhub.com/pornstar/chanel-preston"
"4","https://www.pornhub.com/pornstar/kendall-woods"
"4","https://www.pornhub.com/pornstar/kira-noir"
"4","https://www.pornhub.com/pornstar/lexy-roxx"
"4","https://www.pornhub.com/pornstar/samantha-saint"
"4","https://www.pornhub.com/pornstar/brittney-white"
"4","https://www.pornhub.com/pornstar/alura-jenson"
"4","https://www.pornhub.com/pornstar/holly-hendrix"
"4","https://www.pornhub.com/pornstar/naomi-russell"
"4","https://www.pornhub.com/pornstar/skyla-novea"
"4","https://www.pornhub.com/pornstar/katie-banks"
"4","https://www.pornhub.com/pornstar/penny-pax"
"4","https://www.pornhub.com/pornstar/franceska-jaimes"
"4","https://www.pornhub.com/pornstar/alex-grey"
"4","https://www.pornhub.com/pornstar/nina-elle"
"4","https://www.pornhub.com/pornstar/larkin-love"
"4","https://www.pornhub.com/pornstar/natalia-starr"
"4","https://www.pornhub.com/pornstar/jenna-haze"
"4","https://www.pornhub.com/pornstar/gia-paige"
"4","https://www.pornhub.com/pornstar/august-taylor"
"4","https://www.pornhub.com/pornstar/ava-taylor"
"4","https://www.pornhub.com/pornstar/lucy-li"
"4","https://www.pornhub.com/pornstar/jenny-blighe"
"4","https://www.pornhub.com/pornstar/brianna-beach"
"4","https://www.pornhub.com/pornstar/missax"
"4","https://www.pornhub.com/pornstar/anya-olsen"
"4","https://www.pornhub.com/pornstar/ella-knox"
"4","https://www.pornhub.com/pornstar/dee-williams"
"4","https://www.pornhub.com/pornstar/abigail-mac"
"4","https://www.pornhub.com/pornstar/julianna-vega"
"4","https://www.pornhub.com/pornstar/ashlynn-brooke"
"4","https://www.pornhub.com/pornstar/skin-diamond"
"4","https://www.pornhub.com/pornstar/kenzie-reeves"
"4","https://www.pornhub.com/pornstar/heather-brooke"
"4","https://www.pornhub.com/pornstar/meana-wolf"
"4","https://www.pornhub.com/pornstar/bree-olson"
"4","https://www.pornhub.com/pornstar/mistress-t"
"4","https://www.pornhub.com/pornstar/paris-hilton"
"4","https://www.pornhub.com/pornstar/rachel-steele"
"4","https://www.pornhub.com/pornstar/bella-rose"
"4","https://www.pornhub.com/pornstar/shyla-stylez"
"4","https://www.pornhub.com/pornstar/monroe"
"4","https://www.pornhub.com/pornstar/emma-hix"
"4","https://www.pornhub.com/pornstar/jada-fire"
"4","https://www.pornhub.com/pornstar/pamela-anderson"
"4","https://www.pornhub.com/pornstar/yhivi"
"4","https://www.pornhub.com/pornstar/kiss"
"4","https://www.pornhub.com/pornstar/maserati"
"5","https://www.pornhub.com/pornstar/april-o-neil"
"5","https://www.pornhub.com/pornstar/tera-patrick"
"5","https://www.pornhub.com/pornstar/anastasia-knight"
"5","https://www.pornhub.com/pornstar/chastity"
"5","https://www.pornhub.com/pornstar/cameron-canela"
"5","https://www.pornhub.com/pornstar/malena-morgan"
"5","https://www.pornhub.com/pornstar/canela-skin"
"5","https://www.pornhub.com/pornstar/daisy-stone"
"5","https://www.pornhub.com/pornstar/lily-rader"
"5","https://www.pornhub.com/pornstar/tila-tequila"
"5","https://www.pornhub.com/pornstar/vina-sky"
"5","https://www.pornhub.com/pornstar/dolly-little"
"5","https://www.pornhub.com/pornstar/aubrey-sinclair"
"5","https://www.pornhub.com/pornstar/roberta-gemma"
"5","https://www.pornhub.com/pornstar/jasmine-webb"
"5","https://www.pornhub.com/pornstar/susi-gala"
"5","https://www.pornhub.com/pornstar/monique-alexander"
"5","https://www.pornhub.com/pornstar/lady-sonia"
"5","https://www.pornhub.com/pornstar/richelle-ryan"
"5","https://www.pornhub.com/pornstar/kristen-scott"
"5","https://www.pornhub.com/pornstar/sensual-jane"
"5","https://www.pornhub.com/pornstar/kiki-minaj"
"5","https://www.pornhub.com/pornstar/jesse-jane"
"5","https://www.pornhub.com/pornstar/carter-cruise"
"5","https://www.pornhub.com/pornstar/lelu-love"
"5","https://www.pornhub.com/pornstar/arya-fae"
"5","https://www.pornhub.com/pornstar/anya-ivy"
"5","https://www.pornhub.com/pornstar/sophia-leone"
"5","https://www.pornhub.com/pornstar/princess-leia"
"5","https://www.pornhub.com/pornstar/shay-evans"
"5","https://www.pornhub.com/pornstar/hannah-hays"
"5","https://www.pornhub.com/pornstar/jade-kush"
"5","https://www.pornhub.com/pornstar/kelly-divine"
"5","https://www.pornhub.com/pornstar/yua-mikami"
"5","https://www.pornhub.com/pornstar/sarah-vandella"
"5","https://www.pornhub.com/pornstar/belle-claire"
"5","https://www.pornhub.com/pornstar/ashley-adams"
"5","https://www.pornhub.com/pornstar/rachel-roxxx"
"5","https://www.pornhub.com/pornstar/ella-hughes"
"5","https://www.pornhub.com/pornstar/lunaxjames"
"5","https://www.pornhub.com/pornstar/cali-carter"
"5","https://www.pornhub.com/pornstar/gianna-dior"
"5","https://www.pornhub.com/pornstar/reagan-foxx"
"5","https://www.pornhub.com/pornstar/aimi-yoshikawa"
"5","https://www.pornhub.com/pornstar/belle-knox"
"5","https://www.pornhub.com/pornstar/carolina-sweets"
"5","https://www.pornhub.com/pornstar/katsuni"
"5","https://www.pornhub.com/pornstar/karla-kush"
"5","https://www.pornhub.com/pornstar/sora-aoi"
"5","https://www.pornhub.com/pornstar/kianna-dior"
"5","https://www.pornhub.com/pornstar/uma-jolie"
"5","https://www.pornhub.com/pornstar/julie-cash"
"5","https://www.pornhub.com/pornstar/alina-lopez"
"5","https://www.pornhub.com/pornstar/eliza-ibarra"
"5","https://www.pornhub.com/pornstar/marry-queen"
"5","https://www.pornhub.com/pornstar/liza-del-sierra"
"5","https://www.pornhub.com/pornstar/angelina-castro"
"6","https://www.pornhub.com/pornstar/emily-bloom"
"6","https://www.pornhub.com/pornstar/jasmine-james"
"6","https://www.pornhub.com/pornstar/mercedes-carrera"
"6","https://www.pornhub.com/pornstar/carmella-bing"
"6","https://www.pornhub.com/pornstar/eva-angelina"
"6","https://www.pornhub.com/pornstar/olivia-austin"
"6","https://www.pornhub.com/pornstar/connie-carter"
"6","https://www.pornhub.com/pornstar/nyomi-banxxx"
"6","https://www.pornhub.com/pornstar/jia-lissa"
"6","https://www.pornhub.com/pornstar/jillian-janson"
"6","https://www.pornhub.com/pornstar/nekane"
"6","https://www.pornhub.com/pornstar/korina-kova"
"6","https://www.pornhub.com/pornstar/katie-morgan"
"6","https://www.pornhub.com/pornstar/bella-bellz"
"6","https://www.pornhub.com/pornstar/deauxma"
"6","https://www.pornhub.com/pornstar/alanah-rae"
"6","https://www.pornhub.com/pornstar/clara-morgane"
"6","https://www.pornhub.com/pornstar/noelle-easton"
"6","https://www.pornhub.com/pornstar/paige-turnah"
"6","https://www.pornhub.com/pornstar/jill-kassidy"
"6","https://www.pornhub.com/pornstar/vanessa-cage"
"6","https://www.pornhub.com/pornstar/kylie-quinn"
"6","https://www.pornhub.com/pornstar/alexa-tomas"
"6","https://www.pornhub.com/pornstar/dylan-ryder"
"6","https://www.pornhub.com/pornstar/hannah-brooks"
"6","https://www.pornhub.com/pornstar/belladonna"
"6","https://www.pornhub.com/pornstar/kate-upton"
"6","https://www.pornhub.com/pornstar/anastasia-lux"
"6","https://www.pornhub.com/pornstar/darcie-dolce"
"6","https://www.pornhub.com/pornstar/nina-kayy"
"6","https://www.pornhub.com/pornstar/janet-mason"
"6","https://www.pornhub.com/pornstar/apolonia-lapiedra"
"6","https://www.pornhub.com/pornstar/amirah-adara"
"6","https://www.pornhub.com/pornstar/raylene"
"6","https://www.pornhub.com/pornstar/kleio-valentien"
"6","https://www.pornhub.com/pornstar/belen-rodriguez"
"6","https://www.pornhub.com/pornstar/kimber-veils"
"6","https://www.pornhub.com/pornstar/jennifer-white"
"6","https://www.pornhub.com/pornstar/jolee-love"
"6","https://www.pornhub.com/pornstar/jessie-rogers"
"6","https://www.pornhub.com/pornstar/tessa-fowler"
"6","https://www.pornhub.com/pornstar/jaye-summers"
"6","https://www.pornhub.com/pornstar/veronica-leal"
"6","https://www.pornhub.com/pornstar/cytheria"
"6","https://www.pornhub.com/pornstar/shae-summers"
"6","https://www.pornhub.com/pornstar/monica-santhiago"
"6","https://www.pornhub.com/pornstar/katrin-tequila"
"6","https://www.pornhub.com/pornstar/lily-adams"
"6","https://www.pornhub.com/pornstar/tana-lea"
"6","https://www.pornhub.com/pornstar/chloe-amour"
"6","https://www.pornhub.com/pornstar/pristine-edge"
"6","https://www.pornhub.com/pornstar/dirty-tina"
"6","https://www.pornhub.com/pornstar/katee-owen"
"6","https://www.pornhub.com/pornstar/amaranta-hank"
"6","https://www.pornhub.com/pornstar/nadia-ali"
"6","https://www.pornhub.com/pornstar/kennedy-leigh"
"6","https://www.pornhub.com/pornstar/lucia-nieto"
"7","https://www.pornhub.com/pornstar/nikki-delano"
"7","https://www.pornhub.com/pornstar/jenni-lee"
"7","https://www.pornhub.com/pornstar/ava-dalush"
"7","https://www.pornhub.com/pornstar/diamond-kitty"
"7","https://www.pornhub.com/pornstar/piper-blush"
"7","https://www.pornhub.com/pornstar/morgan-lee"
"7","https://www.pornhub.com/pornstar/kimber-lee"
"7","https://www.pornhub.com/pornstar/foxy-di"
"7","https://www.pornhub.com/pornstar/natalie-lust"
"7","https://www.pornhub.com/pornstar/mia-li"
"7","https://www.pornhub.com/pornstar/lexi-lore"
"7","https://www.pornhub.com/pornstar/anna-polina"
"7","https://www.pornhub.com/pornstar/alessa-savage"
"7","https://www.pornhub.com/pornstar/nikita-bellucci"
"7","https://www.pornhub.com/pornstar/violet-starr"
"7","https://www.pornhub.com/pornstar/katerina-hartlova"
"7","https://www.pornhub.com/pornstar/cadey-mercury"
"7","https://www.pornhub.com/pornstar/ashley-fires"
"7","https://www.pornhub.com/pornstar/amarna-miller"
"7","https://www.pornhub.com/pornstar/amber-hahn"
"7","https://www.pornhub.com/pornstar/nessa-devil"
"7","https://www.pornhub.com/pornstar/emily-grey"
"7","https://www.pornhub.com/pornstar/dani-jensen"
"7","https://www.pornhub.com/pornstar/spicy-j"
"7","https://www.pornhub.com/pornstar/tory-lane"
"7","https://www.pornhub.com/pornstar/gianna-nicole"
"7","https://www.pornhub.com/pornstar/madeincanarias"
"7","https://www.pornhub.com/pornstar/nancy-a"
"7","https://www.pornhub.com/pornstar/melanie-rios"
"7","https://www.pornhub.com/pornstar/isabelle-deltore"
"7","https://www.pornhub.com/pornstar/vanessa-blue"
"7","https://www.pornhub.com/pornstar/ana-foxxx"
"7","https://www.pornhub.com/pornstar/cassidy-klein"
"7","https://www.pornhub.com/pornstar/ana-bell-evans"
"7","https://www.pornhub.com/pornstar/angelina-valentine"
"7","https://www.pornhub.com/pornstar/melissa-moore"
"7","https://www.pornhub.com/pornstar/brenna-sparks"
"7","https://www.pornhub.com/pornstar/evelin-stone"
"7","https://www.pornhub.com/pornstar/tinna-angel"
"7","https://www.pornhub.com/pornstar/black-cat"
"7","https://www.pornhub.com/pornstar/kaley-cuoco"
"7","https://www.pornhub.com/pornstar/kelly-madison"
"7","https://www.pornhub.com/pornstar/alexis-crystal"
"7","https://www.pornhub.com/pornstar/melanie-hicks"
"7","https://www.pornhub.com/pornstar/nina-north"
"7","https://www.pornhub.com/pornstar/kortney-kane"
"7","https://www.pornhub.com/pornstar/proxy-paige"
"7","https://www.pornhub.com/pornstar/yuma-asami"
"7","https://www.pornhub.com/pornstar/jessica-jaymes"
"7","https://www.pornhub.com/pornstar/demi-sutra"
"7","https://www.pornhub.com/pornstar/mysweetapple"
"7","https://www.pornhub.com/pornstar/naughty-allie"
"7","https://www.pornhub.com/pornstar/summer-hart"
"7","https://www.pornhub.com/pornstar/shay-fox"
"7","https://www.pornhub.com/pornstar/joseline-kelly"
"7","https://www.pornhub.com/pornstar/megan-sage"
"7","https://www.pornhub.com/pornstar/lily-thai"
"8","https://www.pornhub.com/pornstar/kasey-chase"
"8","https://www.pornhub.com/pornstar/nia-nacci"
"8","https://www.pornhub.com/pornstar/sofia-gucci"
"8","https://www.pornhub.com/pornstar/georgie-lyall"
"8","https://www.pornhub.com/pornstar/emma-stone"
"8","https://www.pornhub.com/pornstar/emma-starr"
"8","https://www.pornhub.com/pornstar/toy"
"8","https://www.pornhub.com/pornstar/tiffany-watson"
"8","https://www.pornhub.com/pornstar/jessica-robbin"
"8","https://www.pornhub.com/pornstar/allie-haze"
"8","https://www.pornhub.com/pornstar/black-angelika"
"8","https://www.pornhub.com/pornstar/rebecca-moore"
"8","https://www.pornhub.com/pornstar/alyssa-hart"
"8","https://www.pornhub.com/pornstar/lucy-doll"
"8","https://www.pornhub.com/pornstar/akiho-yoshizawa"
"8","https://www.pornhub.com/pornstar/marina-visconti"
"8","https://www.pornhub.com/pornstar/london-keyes"
"8","https://www.pornhub.com/pornstar/viola-bailey"
"8","https://www.pornhub.com/pornstar/emma-butt"
"8","https://www.pornhub.com/pornstar/reena-sky"
"8","https://www.pornhub.com/pornstar/sharon-lee"
"8","https://www.pornhub.com/pornstar/liza-rowe"
"8","https://www.pornhub.com/pornstar/aryana-adin"
"8","https://www.pornhub.com/pornstar/misty-stone"
"8","https://www.pornhub.com/pornstar/skylar-valentine"
"8","https://www.pornhub.com/pornstar/lily-ivy"
"8","https://www.pornhub.com/pornstar/holly-halston"
"8","https://www.pornhub.com/pornstar/cecilia-lion"
"8","https://www.pornhub.com/pornstar/ameri-ichinose"
"8","https://www.pornhub.com/pornstar/destiny-dixon"
"8","https://www.pornhub.com/pornstar/anny-aurora"
"8","https://www.pornhub.com/pornstar/briana-banks"
"8","https://www.pornhub.com/pornstar/diamond-foxxx"
"8","https://www.pornhub.com/pornstar/sienna-west"
"8","https://www.pornhub.com/pornstar/amy-reid"
"8","https://www.pornhub.com/pornstar/nadya-nabakova"
"8","https://www.pornhub.com/pornstar/blondie-fesser"
"8","https://www.pornhub.com/pornstar/arabelle-raphael"
"8","https://www.pornhub.com/pornstar/alex-tanner"
"8","https://www.pornhub.com/pornstar/jenaveve-jolie"
"8","https://www.pornhub.com/pornstar/momoka-nishina"
"8","https://www.pornhub.com/pornstar/jasmine-mendez"
"8","https://www.pornhub.com/pornstar/charlee-chase"
"8","https://www.pornhub.com/pornstar/kiara-cole"
"8","https://www.pornhub.com/pornstar/dava-foxx"
"8","https://www.pornhub.com/pornstar/whitney-westgate"
"8","https://www.pornhub.com/pornstar/azumi-mizushima"
"8","https://www.pornhub.com/pornstar/kenna-james"
"8","https://www.pornhub.com/pornstar/mea-melone"
"8","https://www.pornhub.com/pornstar/leilani-leeane"
"8","https://www.pornhub.com/pornstar/bibi-jones"
"8","https://www.pornhub.com/pornstar/chanell-heart"
"8","https://www.pornhub.com/pornstar/hotkinkyjo"
"8","https://www.pornhub.com/pornstar/vanessa-veracruz"
"8","https://www.pornhub.com/pornstar/sofia-nix"
"8","https://www.pornhub.com/pornstar/rei-mizuna"
"8","https://www.pornhub.com/pornstar/tara-tainton"
"9","https://www.pornhub.com/pornstar/gina-devine"
"9","https://www.pornhub.com/pornstar/kaho-shibuya"
"9","https://www.pornhub.com/pornstar/aische-pervers"
"9","https://www.pornhub.com/pornstar/ashly-anderson"
"9","https://www.pornhub.com/pornstar/madison-scott"
"9","https://www.pornhub.com/pornstar/harmony-reigns"
"9","https://www.pornhub.com/pornstar/rebecca-more"
"9","https://www.pornhub.com/pornstar/vienna-black"
"9","https://www.pornhub.com/pornstar/marley-brinx"
"9","https://www.pornhub.com/pornstar/tiffany-tatum"
"9","https://www.pornhub.com/pornstar/rikki-six"
"9","https://www.pornhub.com/pornstar/alli-rae"
"9","https://www.pornhub.com/pornstar/aubrey-black"
"9","https://www.pornhub.com/pornstar/blaire-ivory"
"9","https://www.pornhub.com/pornstar/daisy-marie"
"9","https://www.pornhub.com/pornstar/nina-mercedez"
"9","https://www.pornhub.com/pornstar/mallory-sierra"
"9","https://www.pornhub.com/pornstar/miss-raquel"
"9","https://www.pornhub.com/pornstar/zoe-bloom"
"9","https://www.pornhub.com/pornstar/asahi-mizuno"
"9","https://www.pornhub.com/pornstar/izzy-bell"
"9","https://www.pornhub.com/pornstar/lily-love"
"9","https://www.pornhub.com/pornstar/priya-price"
"9","https://www.pornhub.com/pornstar/alycia-starr"
"9","https://www.pornhub.com/pornstar/sunny-lane"
"9","https://www.pornhub.com/pornstar/lisa-sparxxx"
"9","https://www.pornhub.com/pornstar/lady-gaga"
"9","https://www.pornhub.com/pornstar/megan-salinas"
"9","https://www.pornhub.com/pornstar/ashe-maree"
"9","https://www.pornhub.com/pornstar/codi-vore"
"9","https://www.pornhub.com/pornstar/silvia-saint"
"9","https://www.pornhub.com/pornstar/amilia-onyx"
"9","https://www.pornhub.com/pornstar/cindy-starfall"
"9","https://www.pornhub.com/pornstar/lexi-aaane"
"9","https://www.pornhub.com/pornstar/karissa-kane"
"9","https://www.pornhub.com/pornstar/cathy-heaven"
"9","https://www.pornhub.com/pornstar/syren-de-mer"
"9","https://www.pornhub.com/pornstar/traci-lords"
"9","https://www.pornhub.com/pornstar/Chloe"
"9","https://www.pornhub.com/pornstar/rahyndee-james"
"9","https://www.pornhub.com/pornstar/ginny-potter"
"9","https://www.pornhub.com/pornstar/jayla-foxx"
"9","https://www.pornhub.com/pornstar/karmen-karma"
"9","https://www.pornhub.com/pornstar/bobbi-starr"
"9","https://www.pornhub.com/pornstar/daphne-rosen"
"9","https://www.pornhub.com/pornstar/alice-march"
"9","https://www.pornhub.com/pornstar/nicole-bexley"
"9","https://www.pornhub.com/pornstar/lacey-duvalle"
"9","https://www.pornhub.com/pornstar/tiffany-thompson"
"9","https://www.pornhub.com/pornstar/leigh-darby"
"9","https://www.pornhub.com/pornstar/gina-wild"
"9","https://www.pornhub.com/pornstar/daisy-dabs"
"9","https://www.pornhub.com/pornstar/amber-lynn-bach"
"9","https://www.pornhub.com/pornstar/chloe-night"
"9","https://www.pornhub.com/pornstar/luna-rival"
"9","https://www.pornhub.com/pornstar/kitty"
"9","https://www.pornhub.com/pornstar/teen-kasia"
"10","https://www.pornhub.com/pornstar/lana-rain"
"10","https://www.pornhub.com/pornstar/brooke-wylde"
"10","https://www.pornhub.com/pornstar/jewels-jade"
"10","https://www.pornhub.com/pornstar/katya-clover"
"10","https://www.pornhub.com/pornstar/milena-velba"
"10","https://www.pornhub.com/pornstar/rola-takizawa"
"10","https://www.pornhub.com/pornstar/katya-rodriguez"
"10","https://www.pornhub.com/pornstar/heather-vahn"
"10","https://www.pornhub.com/pornstar/jessica-bangkok"
"10","https://www.pornhub.com/pornstar/samantha-38g"
"10","https://www.pornhub.com/pornstar/ginger-banks"
"10","https://www.pornhub.com/pornstar/ivy-wolfe"
"10","https://www.pornhub.com/pornstar/haley-ryder"
"10","https://www.pornhub.com/pornstar/kalina-ryu"
"10","https://www.pornhub.com/pornstar/lily-labeau"
"10","https://www.pornhub.com/pornstar/kristen-stewart"
"10","https://www.pornhub.com/pornstar/tsubasa-amami"
"10","https://www.pornhub.com/pornstar/milly-d-abbraccio"
"10","https://www.pornhub.com/pornstar/ana-rose"
"10","https://www.pornhub.com/pornstar/littlesubgirl"
"10","https://www.pornhub.com/pornstar/africa-sexxx"
"10","https://www.pornhub.com/pornstar/sofia-vergara"
"10","https://www.pornhub.com/pornstar/lilly-ford"
"10","https://www.pornhub.com/pornstar/lily-carter"
"10","https://www.pornhub.com/pornstar/mary-jane"
"10","https://www.pornhub.com/pornstar/nova-patra"
"10","https://www.pornhub.com/pornstar/ivy-lebelle"
"10","https://www.pornhub.com/pornstar/tsubasa-miyashita"
"10","https://www.pornhub.com/pornstar/marica-hase"
"10","https://www.pornhub.com/pornstar/kaylani-lei"
"10","https://www.pornhub.com/pornstar/madelyn-marie"
"10","https://www.pornhub.com/pornstar/Angel"
"10","https://www.pornhub.com/pornstar/natalie-monroe"
"10","https://www.pornhub.com/pornstar/kendra-spade"
"10","https://www.pornhub.com/pornstar/Ariel"
"10","https://www.pornhub.com/pornstar/mia-magma"
"10","https://www.pornhub.com/pornstar/isis-love"
"10","https://www.pornhub.com/pornstar/sinn-sage"
"10","https://www.pornhub.com/pornstar/julie-kay"
"10","https://www.pornhub.com/pornstar/brett-rossi"
"10","https://www.pornhub.com/pornstar/nelly-kent"
"10","https://www.pornhub.com/pornstar/krystal-swift"
"10","https://www.pornhub.com/pornstar/ryan-ryans"
"10","https://www.pornhub.com/pornstar/persia-monir"
"10","https://www.pornhub.com/pornstar/harriet-sugarcookie"
"10","https://www.pornhub.com/pornstar/whitney-wright"
"10","https://www.pornhub.com/pornstar/nina-rotti"
"10","https://www.pornhub.com/pornstar/samantha-rone"
"10","https://www.pornhub.com/pornstar/blake-mitchell"
"10","https://www.pornhub.com/pornstar/roxy-reynolds"
"10","https://www.pornhub.com/pornstar/saori-hara"
"10","https://www.pornhub.com/pornstar/emma-mae"
"10","https://www.pornhub.com/pornstar/alexis-rodriguez"
"10","https://www.pornhub.com/pornstar/china-matsuoka"
"10","https://www.pornhub.com/pornstar/bambi-black"
"10","https://www.pornhub.com/pornstar/kristina-rose"
"10","https://www.pornhub.com/pornstar/margo-sullivan"
